{
  "AT&F": "Reset All AT Command Settings to Factory Settings",
  "AT+CFUN=0": "Put the module into a minimum functionality mode, reduce power consumption",
  "AT+CFUN=1": "",
  "AT+CFUN=1,1": "This command resets the modem and reloads the configuration",
  "AT+CGATT=0": "This command detaches the modem from the current network",
  "AT+CGDCONT=1,\"IP\",\"data.apn.name\"": "configure PDP (Packet Data Protocol) contexts",
  "AT+CGDCONT=1,\"IP\",\"soracom.io\"": "configure PDP (Packet Data Protocol) contexts",
  "AT+COPS=0": "Automatically Select Operator",
  "AT+COPS=2": "This command deregisters the modem from the current network",
  "AT+COPS=?": "List Available Operators",
  "AT+COPS?": "Query the current operator selection mode and registered operator",
  "AT+COPN": "Read Operator Names",
  "AT+CPIN?": "SIM PIN Status",
  "AT+CPOL?": "Preferred Operator List",
  "AT+CPSMS=?": "Query the modem for supported PSM modes",
  "AT+CPSMS?": "Asks the modem what Power Saving Mode (PSM)",
  "AT+CREG?": "Network Registration Status",
  "AT+CSQ": "Signal Quality Report",
  "AT+CNUM": "Subscriber Number",
  "AT+GMR": "Request Firmware Version Identification",
  "AT+ICCID ": "Read the ICCID from the SIM",
  "AT+QCELLSCAN=8,20": "Scan Cell Information",
  "AT+QCCID": "",
  "AT+QNWINFO": "The command indicates network information such as access technology selected, the operator and the. band selected",
  "AT+QPOWD=1": "Modem shutdown - Normal",
  "AT+CPAS=?": "This Execution Command queries the activity status of ME.",
  "AT+CPAS": "TA returns the activity status of ME",
  "AT+CBC": "Get status of battery charging",
  "AT+CGSN": "Get the device serial number",
  "AT+CGPADDR=1": "Get the IP address of the connected PDP context",
  "AT+CGDCONT?": "Get the list of PDP contexts stored in the module",
  "ATD*99#": "3GPP AT command for initiating data transmission by establishing a packet-switched data connection",
  "AT+CGDATA": "3GPP AT command for initiating data transmission by establishing a packet-switched data connection.",
  "+++": "Data transfer escape sequence",
  "AT+IPR=115200": "Sets the baud rate of the serial interface of the device",
  "AT&W": "Save the current configuration settings to a non-volatile memory profile",
  "ATO": "Use ATO to Switch from Command Mode to Data Mode > CONNECT",
  "AT+CGACT=1,1": "Activate the PDP context",
  "AT+QGMR": "Quectel Modem Firmware version"
}